{"Players":[{"namePlayer":"LeBron James","Team":"","Elo":1000,"Wins":0,"Loses":0,"ExpectedScore":0,"GP":168,"GS":168,"Minutes":35.1452380952381,"Rebounds":7.906547619047619,"Points":26.886309523809526,"Assists":8.223809523809525,"Steals":1.206547619047619,"Blocks":0.7267857142857144},{"namePlayer":"Matisse Thybulle","Team":"","Elo":1000,"Wins":0,"Loses":0,"ExpectedScore":0,"GP":196,"GS":72,"Minutes":21.785714285714285,"Rebounds":1.9352040816326528,"Points":4.771428571428571,"Assists":1.1,"Steals":1.5673469387755101,"Blocks":0.9673469387755104}]}